{
  "label": "ATR 1.8% sideways filter screen (no retrain)",
  "source_subdir": "autonomous/screen_extra_18",
  "generated": "2026-05-26T17:55:47",
  "n_folds": 5,
  "n_boot": 10000,
  "alpha": 0.05,
  "alpha_bonferroni": 0.008333333333333333,
  "metrics": {
    "Sharpe Ratio": {
      "paper": 1.89,
      "mean": -2.3028810754674596,
      "ci": [
        -3.1236055777471705,
        -1.4821565731877477
      ],
      "ci_bonferroni": [
        -3.305165673070573,
        -1.240153592907639
      ],
      "paper_inside_ci": false,
      "paper_inside_ci_bonferroni": false,
      "fold_values": [
        -3.3027244080746248,
        -1.3169172746936253,
        -1.1889778050503148,
        -3.3067931830678727,
        -2.398992706450859
      ]
    },
    "Cumulative Return": {
      "paper": 0.893,
      "mean": -0.10295093323407076,
      "ci": [
        -0.2411581923145513,
        -0.019336599112447735
      ],
      "ci_bonferroni": [
        -0.30269791284573466,
        -0.010615233388392372
      ],
      "paper_inside_ci": false,
      "paper_inside_ci_bonferroni": false,
      "fold_values": [
        -0.3743176062744954,
        -0.07595884652241057,
        -0.016219139130691656,
        -0.04137977801589659,
        -0.006879296226859515
      ]
    },
    "CAGR": {
      "paper": 0.342,
      "mean": -0.23165794378167517,
      "ci": [
        -0.5022173003749815,
        -0.05706984852725957
      ],
      "ci_bonferroni": [
        -0.6154589138010376,
        -0.03179454455614319
      ],
      "paper_inside_ci": false,
      "paper_inside_ci_bonferroni": false,
      "fold_values": [
        -0.7571852883645124,
        -0.21216373271056044,
        -0.04855341554713799,
        -0.11976531839068516,
        -0.02062196389547999
      ]
    },
    "Maximum Drawdown": {
      "paper": -0.162,
      "mean": -0.11015504826768623,
      "ci": [
        -0.24838254130455178,
        -0.021278708711364346
      ],
      "ci_bonferroni": [
        -0.3060499363804067,
        -0.012413832114942416
      ],
      "paper_inside_ci": true,
      "paper_inside_ci_bonferroni": true,
      "fold_values": [
        -0.3773835114887417,
        -0.10288287582967419,
        -0.02071563594706677,
        -0.04291392184608885,
        -0.006879296226859515
      ]
    },
    "Win Rate": {
      "paper": 0.678,
      "mean": 0.01168667297531926,
      "ci": [
        0.0009613199854864888,
        0.028629996583532623
      ],
      "ci_bonferroni": [
        0.0005513439007580978,
        0.03553361523702066
      ],
      "paper_inside_ci": false,
      "paper_inside_ci_bonferroni": false,
      "fold_values": [
        0.044072429108302016,
        0.01093269559275709,
        0.0013783597518952446,
        0.0020498804236419544,
        0.0
      ]
    },
    "Profit Factor": {
      "paper": 2.34,
      "mean": 0.4697830156875513,
      "ci": [
        0.19513334596950527,
        0.723573273067223
      ],
      "ci_bonferroni": [
        0.10019050358166315,
        0.7528091125196802
      ],
      "paper_inside_ci": false,
      "paper_inside_ci_bonferroni": false,
      "fold_values": [
        0.7251904708933684,
        0.794237074959148,
        0.5790112736310823,
        0.25047625895415787,
        0.0
      ]
    }
  }
}