{
  "label": "S1 soft routing + EMA12 (primary honest)",
  "source_subdir": "routing_ablation/phase2_soft/S1_soft_ema12",
  "generated": "2026-05-26T17:56:00",
  "n_folds": 5,
  "n_boot": 10000,
  "alpha": 0.05,
  "alpha_bonferroni": 0.008333333333333333,
  "metrics": {
    "Sharpe Ratio": {
      "paper": 1.89,
      "mean": -12.762530039012052,
      "ci": [
        -15.578576082883652,
        -10.874722416625579
      ],
      "ci_bonferroni": [
        -16.80701702475992,
        -10.657406978548057
      ],
      "paper_inside_ci": false,
      "paper_inside_ci_bonferroni": false,
      "fold_values": [
        -11.578210004308422,
        -10.906068225488914,
        -12.554484926764438,
        -10.49163281392082,
        -18.282254224577667
      ]
    },
    "Cumulative Return": {
      "paper": 0.893,
      "mean": -0.7071638461592192,
      "ci": [
        -0.8396596629885748,
        -0.5487919249520429
      ],
      "ci_bonferroni": [
        -0.8775977798092367,
        -0.47955882009909817
      ],
      "paper_inside_ci": false,
      "paper_inside_ci_bonferroni": false,
      "fold_values": [
        -0.9101170129754369,
        -0.8288189300599365,
        -0.7204264288721268,
        -0.419341917905841,
        -0.657114940982755
      ]
    },
    "CAGR": {
      "paper": 0.342,
      "mean": -0.9480916397226633,
      "ci": [
        -0.993647247650989,
        -0.8754333458219095
      ],
      "ci_bonferroni": [
        -0.9976417318399863,
        -0.8408203117203271
      ],
      "paper_inside_ci": false,
      "paper_inside_ci_bonferroni": false,
      "fold_values": [
        -0.999305653773416,
        -0.9951458489398417,
        -0.9793332328284297,
        -0.8061920814433016,
        -0.9604813816283275
      ]
    },
    "Maximum Drawdown": {
      "paper": -0.162,
      "mean": -0.7136951288809168,
      "ci": [
        -0.8468462743264056,
        -0.5588926921265939
      ],
      "ci_bonferroni": [
        -0.8848600096120502,
        -0.49035849925964925
      ],
      "paper_inside_ci": false,
      "paper_inside_ci_bonferroni": false,
      "fold_values": [
        -0.9140045786252301,
        -0.8411431560922809,
        -0.7239359021970052,
        -0.43196414852531023,
        -0.6574278589647581
      ]
    },
    "Win Rate": {
      "paper": 0.678,
      "mean": 0.3574986749710448,
      "ci": [
        0.3057738298599248,
        0.40922352008216467
      ],
      "ci_bonferroni": [
        0.2841817560642296,
        0.417559700471642
      ],
      "paper_inside_ci": false,
      "paper_inside_ci_bonferroni": false,
      "fold_values": [
        0.4294499487529894,
        0.387769046805603,
        0.39972432804962094,
        0.27980867782712676,
        0.2907413734198838
      ]
    },
    "Profit Factor": {
      "paper": 2.34,
      "mean": 0.6127955767972644,
      "ci": [
        0.5525824005935573,
        0.6558565071179461
      ],
      "ci_bonferroni": [
        0.5296671662991506,
        0.6589206568808854
      ],
      "paper_inside_ci": false,
      "paper_inside_ci_bonferroni": false,
      "fold_values": [
        0.6562218182324435,
        0.6629689148535484,
        0.6058575781667562,
        0.6409010694177466,
        0.4980285033158274
      ]
    }
  }
}