{
  "n_folds": 5,
  "alpha": 0.05,
  "alpha_bonferroni": 0.008333333333333333,
  "metrics": {
    "Sharpe Ratio": {
      "paper": 1.89,
      "mean": -20.501582727854753,
      "ci": [
        -23.980988030384772,
        -16.115092820600925
      ],
      "ci_bonferroni": [
        -24.501982257022355,
        -14.876040347827631
      ],
      "paper_inside_ci": false,
      "paper_inside_ci_bonferroni": false,
      "fold_values": [
        -12.824713876659006,
        -22.844101806847917,
        -23.08134623250214,
        -18.30867878322887,
        -25.449072940035833
      ]
    },
    "Cumulative Return": {
      "paper": 0.893,
      "mean": -0.7368471372689919,
      "ci": [
        -0.8625319048325416,
        -0.585942224108414
      ],
      "ci_bonferroni": [
        -0.8805175877113977,
        -0.5447027545645813
      ],
      "paper_inside_ci": false,
      "paper_inside_ci_bonferroni": false,
      "fold_values": [
        -0.8488884202377438,
        -0.9016036993605001,
        -0.8116752849662199,
        -0.47937720926191535,
        -0.6426910725185803
      ]
    },
    "CAGR": {
      "paper": 0.342,
      "mean": -0.9610766422762245,
      "ci": [
        -0.9970607062168405,
        -0.9072201094202168
      ],
      "ci_bonferroni": [
        -0.9980283016072192,
        -0.8872291505912748
      ],
      "paper_inside_ci": false,
      "paper_inside_ci_bonferroni": false,
      "fold_values": [
        -0.9966685580880477,
        -0.9990875465639947,
        -0.9937913217801179,
        -0.8605886077940641,
        -0.9552471771548976
      ]
    },
    "Maximum Drawdown": {
      "paper": -0.162,
      "mean": -0.7379332730803234,
      "ci": [
        -0.8625527579697693,
        -0.5886050350635983
      ],
      "ci_bonferroni": [
        -0.8805175877113977,
        -0.5476320840533293
      ],
      "paper_inside_ci": false,
      "paper_inside_ci_bonferroni": false,
      "fold_values": [
        -0.8488884202377438,
        -0.9016036993605001,
        -0.8117795506523582,
        -0.4833710299646162,
        -0.644023665186399
      ]
    },
    "Win Rate": {
      "paper": 0.678,
      "mean": 0.10126616494120544,
      "ci": [
        0.044755722582849336,
        0.17438271074435427
      ],
      "ci_bonferroni": [
        0.0343696617697301,
        0.20041826413790004
      ],
      "paper_inside_ci": false,
      "paper_inside_ci_bonferroni": false,
      "fold_values": [
        0.11103518961393918,
        0.08438674410659378,
        0.2412129565816678,
        0.03245644004099761,
        0.037239494362828834
      ]
    },
    "Profit Factor": {
      "paper": 2.34,
      "mean": 0.3081845911691708,
      "ci": [
        0.19872077325698445,
        0.41971391043346457
      ],
      "ci_bonferroni": [
        0.17127268692614556,
        0.45968902554808455
      ],
      "paper_inside_ci": false,
      "paper_inside_ci_bonferroni": false,
      "fold_values": [
        0.48953899039653226,
        0.27933590806289504,
        0.41491407827541305,
        0.21503850270231306,
        0.14209547640870052
      ]
    }
  }
}